,output
501,0.3438
502,0.0123
503,0.9992
504,0.9955
505,0.0003
506,0.9499
507,0.0001
508,0.9376
509,0.9804
510,0.9983
511,0.0
512,0.0002
513,0.9994
514,0.033
515,0.0002
516,1.0
517,0.0003
518,0.9824
519,0.9978
520,0.006
521,0.0065
522,0.3677
523,0.8262
524,0.9999
525,0.9923
526,0.0019
527,0.9927
528,0.9992
529,0.9464
530,0.0
531,0.3425
532,0.9655
533,0.9917
534,0.0294
535,0.9999
536,0.0471
537,0.001
538,0.9243
539,1.0
540,0.999
541,0.9546
542,0.9998
543,0.999
544,0.657
545,0.0
546,0.0299
547,0.0
548,0.9999
549,0.9952
550,0.993
551,0.0208
552,0.0399
553,0.9998
554,0.9998
555,0.0001
556,0.0607
557,0.1862
558,0.0161
559,0.0018
560,0.0056
561,0.0005
562,0.3596
563,0.0002
564,0.8294
565,0.0464
566,0.9993
567,0.9998
568,0.3457
569,0.3841
570,0.0
571,0.0044
572,0.0006
573,0.9999
574,0.0154
575,0.8588
576,0.0108
577,0.5789
578,0.9995
579,0.0
580,0.0044
581,0.0005
582,0.0085
583,0.9972
584,0.0215
585,0.4514
586,0.0173
587,0.0636
588,0.991
589,0.1124
590,0.9987
591,0.9809
592,0.9893
593,0.8509
594,0.0
595,0.0003
596,0.0
597,0.0075
598,0.0123
599,0.8496
600,0.8653
601,0.4586
602,0.0
603,0.9965
604,0.9951
605,0.0
606,0.5046
607,0.8758
608,0.0002
609,0.0051
610,0.0001
611,0.0081
612,0.0057
613,0.9997
614,0.0
615,0.0
616,0.0442
617,0.0
618,0.971
619,0.0389
620,0.9999
621,0.0
622,0.4227
623,0.0001
624,1.0
625,0.0037
626,1.0
627,0.0008
628,0.7549
629,0.6379
630,0.4826
631,0.9663
632,0.9735
633,0.9988
634,0.9064
635,0.9863
636,0.9998
637,0.0438
638,1.0
639,0.8653
640,0.0064
641,0.9589
642,0.9992
643,0.9961
644,0.0219
645,0.0751
646,0.9185
647,0.7893
648,0.4055
649,0.0
650,0.9999
651,0.9936
652,0.0124
653,0.5885
654,0.0721
655,0.999
656,0.0004
657,0.0521
658,0.0027
659,0.9984
660,0.491
661,0.992
662,0.0
663,1.0
664,0.0001
665,0.9863
666,1.0
667,0.0049
668,0.0004
669,0.9765
670,0.8172
671,0.3175
672,0.0002
673,0.9991
674,0.9619
675,0.8844
676,0.9685
677,0.0006
678,0.9998
679,0.8377
680,0.0853
681,0.8961
682,0.9114
683,0.9981
684,0.0003
685,0.0146
686,0.8242
687,0.2658
688,0.0
689,0.0012
690,0.0383
691,0.0009
692,0.0006
693,0.0064
694,0.0
695,0.622
696,0.0177
697,0.0004
698,0.9448
699,0.0161
700,0.012
701,0.0034
702,0.882
703,0.9998
704,0.8311
705,1.0
706,0.0139
707,0.0
708,1.0
709,0.0099
710,0.9802
711,0.0065
712,0.9999
713,0.9998
714,0.9972
715,0.995
716,0.0002
717,0.7815
718,0.0001
719,0.7278
720,0.9985
721,0.976
722,0.9573
723,0.9898
724,0.0947
725,0.5731
726,0.9995
727,0.0025
728,0.08
729,0.0003
730,0.3485
731,0.6274
732,0.0269
733,0.003
734,0.8766
735,0.0
736,0.0
737,1.0
738,0.9999
739,0.0003
740,0.0089
741,0.9967
742,0.3691
743,0.2333
744,0.0001
745,1.0
746,0.9875
747,0.0016
748,0.9927
749,0.2826
750,0.0001
751,0.0159
752,0.4495
753,0.8282
754,0.11
755,0.0223
756,0.0699
757,0.0255
758,0.0011
759,0.0001
760,0.9821
761,0.9814
762,0.8755
763,0.1698
764,0.9177
765,0.372
766,0.309
767,0.0012
768,0.9816
769,0.0
770,0.9493
771,0.9999
772,0.0001
773,0.1257
774,0.9996
775,1.0
776,0.0009
777,0.0001
778,1.0
779,0.9652
780,1.0
781,0.0498
782,0.4858
783,0.0
784,0.4551
785,0.0005
786,0.0298
787,0.0
788,0.9998
789,0.1662
790,0.0002
791,0.0139
792,1.0
793,0.0
794,0.0
795,0.0062
796,0.0
797,0.9122
798,0.4121
799,0.3328
800,0.9821
801,1.0
802,0.038
803,0.9907
804,0.9963
805,0.0039
806,0.53
807,0.0041
808,0.0002
809,0.0033
810,0.001
811,0.0005
812,0.2639
813,0.1605
814,0.9994
815,0.0027
816,0.8717
817,0.2
818,0.0032
819,0.0005
820,0.5852
821,0.9993
822,0.9999
823,0.0046
824,0.9996
825,0.5076
826,0.0054
827,0.9984
828,0.0034
829,0.0143
830,0.9381
831,0.9812
832,0.019
833,0.0001
834,0.0051
835,0.0504
836,0.0001
837,0.0142
838,0.9027
839,0.0004
840,0.0001
841,0.4297
842,0.0001
843,0.0005
844,0.1794
845,0.0202
846,1.0
847,0.0923
848,0.0003
849,0.3559
850,0.6853
851,0.0065
852,0.9974
853,0.3973
854,0.0129
855,0.3371
856,0.0134
857,0.0179
858,0.0
859,0.0003
860,0.9996
861,0.0177
862,0.0049
863,0.0017
864,0.1096
865,0.0125
866,0.8399
867,0.2825
868,0.0122
869,0.001
870,0.0002
871,1.0
872,0.032
873,0.1632
874,0.0164
875,0.1211
876,0.9955
877,0.0206
878,0.4824
879,0.932
880,0.0006
881,0.3236
882,0.0001
883,0.9209
884,0.2325
885,0.0001
886,0.7732
887,0.9872
888,0.9997
889,0.9996
890,0.9995
891,0.0203
892,1.0
893,1.0
894,0.7779
895,0.1569
896,1.0
897,0.0003
898,0.9946
899,0.4411
900,0.9881
901,0.0262
902,0.001
903,0.2447
904,0.0002
905,0.0024
906,0.9993
907,0.5056
908,0.0005
909,0.5539
910,0.0059
911,0.9956
912,0.0001
913,0.9834
914,0.0009
915,0.9201
916,0.991
917,0.9993
918,0.9632
919,0.0005
920,0.9972
921,0.9776
922,0.0001
923,0.9999
924,0.0007
925,0.7662
926,0.9962
927,0.5256
928,0.9995
929,0.9992
930,0.0738
931,0.095
932,0.9944
933,0.0001
934,0.0009
935,0.817
936,0.0067
937,0.3709
938,0.9997
939,0.0145
940,0.7018
941,0.0001
942,0.0278
943,1.0
944,0.999
945,0.0062
946,0.9439
947,0.0352
948,0.0
949,0.9891
950,0.6726
951,0.0006
952,0.4322
953,1.0
954,0.0007
955,0.9999
956,0.7191
957,0.1235
958,0.0091
959,0.0713
960,0.9994
961,0.0131
962,0.6004
963,0.9988
964,0.9435
965,0.0001
966,0.0014
967,0.0
968,0.0
969,0.0032
970,0.0001
971,0.0001
972,0.0705
973,0.4186
974,0.0285
975,0.982
976,0.0008
977,0.6614
978,0.1544
979,0.9994
980,0.0
981,0.4449
982,0.012
983,0.0007
984,0.511
985,0.9999
986,0.9525
987,0.0002
988,0.3722
989,0.6947
990,0.9999
991,0.0021
992,0.3692
993,0.9938
994,0.0
995,0.9982
996,0.9999
997,0.0562
998,0.0001
999,0.0006
1000,0.0467
1001,0.0
1002,0.9952
1003,0.0001
1004,0.0009
1005,0.9247
1006,0.0007
1007,0.8033
1008,0.0149
1009,0.3949
1010,0.9453
1011,0.967
1012,0.0001
1013,0.9994
1014,0.0402
1015,0.0007
1016,0.9997
1017,0.9778
1018,0.7463
1019,0.0001
1020,0.9941
1021,0.2391
1022,0.442
1023,0.8833
1024,0.5899
1025,0.9912
1026,0.1799
1027,0.0006
1028,0.2511
1029,0.9999
1030,1.0
1031,0.983
1032,0.8916
1033,0.9666
1034,0.3569
1035,0.9535
1036,0.9931
1037,0.9786
1038,0.9991
1039,1.0
1040,0.862
1041,0.999
1042,0.0015
1043,0.736
1044,0.7866
1045,0.9999
1046,0.0107
1047,0.9987
1048,0.9993
1049,0.009
1050,0.7253
1051,0.0
1052,0.0913
1053,0.9733
1054,0.9897
1055,0.9996
1056,0.8989
1057,0.005
1058,0.9999
1059,0.9971
1060,0.9922
1061,0.3421
1062,0.8726
1063,0.0
1064,0.9997
1065,0.0134
1066,0.9905
1067,0.0149
1068,0.4808
1069,0.9373
1070,0.1135
1071,0.1958
1072,0.0159
1073,0.0038
1074,0.9999
1075,0.1878
1076,0.9999
1077,0.0034
1078,1.0
1079,0.0038
1080,0.9994
1081,0.9999
1082,0.5215
1083,0.5468
1084,0.0001
1085,0.9843
1086,0.9928
1087,0.9946
1088,0.8678
1089,0.9992
1090,0.9999
1091,0.0
1092,0.9718
1093,0.0536
1094,0.0076
1095,0.9996
1096,0.9965
1097,0.0081
1098,0.012
1099,0.9769
1100,0.0221
1101,0.0025
1102,0.8977
1103,0.9399
1104,0.5174
1105,0.0045
1106,0.0
1107,1.0
1108,0.9301
1109,0.0045
1110,0.0064
1111,0.9975
1112,0.002
1113,0.9976
1114,0.0
1115,0.0234
1116,0.0531
1117,0.0412
1118,0.0268
1119,0.9927
1120,0.0399
1121,0.9601
1122,0.9949
1123,0.0057
1124,0.0008
1125,0.0078
1126,0.9982
1127,0.0008
1128,0.0272
1129,0.0
1130,0.0014
1131,0.9988
1132,0.9222
1133,0.0955
1134,0.0001
1135,0.0002
1136,0.0018
1137,0.0348
1138,0.5254
1139,0.9991
1140,0.0593
1141,0.0033
1142,0.0878
1143,0.0284
1144,0.8758
1145,0.9712
1146,0.4781
1147,0.0001
1148,0.0082
1149,0.0002
1150,0.003
1151,0.0005
1152,0.9984
1153,0.0004
1154,0.0017
1155,0.966
1156,0.0001
1157,0.0006
1158,0.0015
1159,0.1395
1160,0.9905
1161,0.0001
1162,1.0
1163,0.9997
1164,0.3844
1165,0.2432
1166,0.082
1167,0.0094
1168,0.5006
1169,1.0
1170,0.0607
1171,0.9964
1172,0.4322
1173,0.9567
1174,0.9826
1175,1.0
1176,0.9977
1177,0.7438
1178,0.9998
1179,0.0037
1180,0.9989
1181,0.0088
1182,0.4782
1183,0.0008
1184,0.0004
1185,0.9887
1186,0.0093
1187,0.9953
1188,0.9353
1189,0.994
1190,0.9962
1191,0.9999
1192,0.0005
1193,0.9995
1194,0.0
1195,0.0018
1196,0.0089
1197,0.0165
1198,1.0
1199,0.0006
1200,0.9557
1201,0.0004
1202,0.0
1203,0.0235
1204,0.144
1205,0.0021
1206,0.9969
1207,0.0048
1208,0.5406
1209,0.0054
1210,0.0082
1211,0.653
1212,0.4248
1213,0.8981
1214,0.0001
1215,0.6899
1216,0.0001
1217,0.9625
1218,0.191
1219,0.7147
1220,0.0099
1221,0.3806
1222,0.9973
1223,0.0175
1224,0.0013
1225,0.9716
1226,0.0007
1227,0.994
1228,0.0026
1229,0.0001
1230,0.9953
1231,0.0049
1232,0.9964
1233,0.9632
1234,0.1395
1235,0.9683
1236,0.0061
1237,0.0067
1238,0.9881
1239,0.9943
1240,0.0049
1241,0.9966
1242,1.0
1243,0.0046
1244,0.8952
1245,0.0003
1246,0.2685
1247,0.2163
1248,0.0002
1249,0.985
1250,0.0309
1251,0.1422
1252,0.9867
1253,0.0036
1254,0.0031
1255,0.9995
1256,1.0
1257,0.8423
1258,0.9897
1259,0.9883
1260,0.0003
1261,0.3141
1262,0.2829
1263,0.9832
1264,0.1046
1265,0.0045
1266,0.0009
1267,1.0
1268,0.9536
1269,0.0004
1270,0.0001
1271,0.9986
1272,0.033
1273,0.9996
1274,0.5495
1275,0.9999
1276,0.9989
1277,0.8369
1278,0.7659
1279,0.0
1280,0.0007
1281,0.0168
1282,0.0
1283,0.1032
1284,0.9976
1285,0.9992
1286,0.9788
1287,0.0011
1288,0.0018
1289,0.0005
1290,0.0005
1291,0.5552
1292,0.0222
1293,0.5133
1294,0.0023
1295,0.0018
1296,0.9996
1297,0.992
1298,1.0
1299,0.8798
1300,0.0008
1301,0.9696
1302,0.5747
1303,0.5988
1304,0.2474
1305,0.9346
1306,0.9747
1307,0.8511
1308,0.7018
1309,0.0005
1310,0.9918
1311,0.3886
1312,0.0
1313,0.9999
1314,0.1378
1315,0.9805
1316,0.0032
1317,0.7258
1318,0.9944
1319,0.7257
1320,0.0001
1321,0.9998
1322,0.7563
1323,0.0002
1324,0.0371
1325,0.3355
1326,0.9999
1327,0.0005
1328,0.0055
1329,0.4214
1330,0.0168
1331,1.0
1332,0.9948
1333,0.0
1334,0.9814
1335,0.9989
1336,0.065
1337,1.0
1338,0.2942
1339,0.9609
1340,0.0261
1341,0.8433
1342,0.0019
1343,0.0005
1344,0.0007
1345,0.0042
1346,0.0
1347,0.9608
1348,0.9666
1349,0.0028
1350,0.0995
1351,0.0011
1352,0.9905
1353,0.0676
1354,0.5004
1355,0.0002
1356,0.0178
1357,0.0
1358,0.9917
1359,0.2089
1360,1.0
1361,0.9986
1362,0.0
1363,0.9785
1364,0.3429
1365,1.0
1366,0.0096
1367,0.0
1368,1.0
1369,0.9999
1370,1.0
1371,0.9907
1372,0.3018
1373,0.172
1374,0.0347
1375,0.005
1376,0.0001
1377,0.0073
1378,0.0004
1379,0.0007
1380,0.0592
1381,0.0005
1382,0.0009
1383,0.8866
1384,0.8262
1385,0.983
1386,0.999
1387,0.7818
1388,0.6883
1389,0.8391
1390,0.999
1391,0.0004
1392,0.9997
1393,0.9957
1394,0.9999
1395,0.0851
1396,0.9853
1397,0.9083
1398,0.0015
1399,0.051
1400,0.9985
1401,0.999
1402,0.9464
1403,0.9996
1404,0.9906
1405,0.9011
1406,0.215
1407,0.0002
1408,0.9974
1409,0.2188
1410,0.0018
1411,0.0002
1412,0.0
1413,0.3679
1414,0.0101
1415,0.0012
1416,0.4688
1417,0.0099
1418,0.9984
1419,0.9748
1420,0.9998
1421,0.1959
1422,0.997
1423,0.0333
1424,0.0056
1425,1.0
1426,0.0015
1427,0.6848
1428,0.0061
1429,0.0
1430,0.9676
1431,0.0106
1432,0.148
1433,0.9892
1434,0.4901
1435,0.9638
1436,0.1337
1437,0.1149
1438,0.0004
1439,0.1364
1440,0.9987
1441,0.0954
1442,0.9879
1443,0.9911
1444,0.6538
1445,0.9992
1446,0.5745
1447,0.0014
1448,1.0
1449,0.0
1450,1.0
1451,0.0033
1452,0.0017
1453,1.0
1454,0.5062
1455,0.9986
1456,0.9981
1457,0.9689
1458,0.9957
1459,0.9643
1460,0.2568
1461,0.0111
1462,0.8243
1463,0.9764
1464,0.8917
1465,0.6139
1466,0.7799
1467,0.8978
1468,0.0009
1469,0.9996
1470,0.8387
1471,0.0019
1472,0.0618
1473,0.6352
1474,0.0389
1475,0.0269
1476,0.0006
1477,0.1178
1478,0.952
1479,0.0019
1480,0.9958
1481,0.9758
1482,0.9885
1483,0.9998
1484,0.9924
1485,1.0
1486,0.978
1487,0.1014
1488,0.9996
1489,0.0041
1490,0.0003
1491,0.0041
1492,0.7585
1493,0.3997
1494,0.0
1495,0.7774
1496,0.2826
1497,0.1113
1498,0.0001
1499,0.9997
1500,0.9998
1501,0.1946
1502,0.999
1503,0.0083
1504,0.6327
1505,0.5133
1506,0.0008
1507,0.0169
1508,0.0295
1509,0.9995
1510,0.0012
1511,0.0055
1512,0.0177
1513,0.0006
1514,0.7475
1515,0.0002
1516,0.9916
1517,0.0041
1518,1.0
1519,0.1781
1520,0.5044
1521,0.0012
1522,0.0368
1523,0.0148
1524,0.0009
1525,1.0
1526,0.9992
1527,0.0011
1528,1.0
1529,0.0023
1530,0.9995
1531,0.8941
1532,0.0152
1533,0.0001
1534,0.0157
1535,0.0006
1536,0.0391
1537,0.0033
1538,0.0099
1539,0.9996
1540,0.1769
1541,1.0
1542,1.0
1543,0.9896
1544,0.0218
1545,0.1988
1546,0.9642
1547,0.3725
1548,1.0
1549,0.4059
1550,0.7041
1551,0.9824
1552,0.9988
1553,0.6145
1554,0.9997
1555,0.5223
1556,0.0047
1557,0.0088
1558,0.9992
1559,0.9996
1560,0.3357
1561,0.8295
1562,0.0208
1563,0.9925
1564,0.0077
1565,0.9879
1566,0.0282
1567,0.9995
1568,0.0414
1569,0.5048
1570,1.0
1571,0.9999
1572,1.0
1573,0.0019
1574,0.0873
1575,0.001
1576,0.1212
1577,0.9999
1578,0.0738
1579,0.0004
1580,0.0039
1581,0.0267
1582,0.0018
1583,0.9858
1584,0.9749
1585,0.0629
1586,0.281
1587,0.0
1588,0.0008
1589,0.1446
1590,0.1875
1591,0.2185
1592,0.0484
1593,0.9333
1594,0.0493
1595,0.0055
1596,0.9824
1597,0.0226
1598,0.0
1599,0.7645
1600,0.9997
1601,0.0043
1602,0.9713
1603,0.4216
1604,0.9975
1605,0.2534
1606,0.003
1607,0.0002
1608,0.5715
1609,0.006
1610,0.6297
1611,0.8851
1612,0.0003
1613,0.9778
1614,0.0
1615,0.0013
1616,0.882
1617,0.0457
1618,0.9201
1619,0.252
1620,0.0023
1621,0.9966
1622,0.019
1623,0.1427
1624,0.9882
1625,0.4171
1626,0.014
1627,0.0003
1628,0.462
1629,1.0
1630,0.0111
1631,0.0054
1632,1.0
1633,1.0
1634,0.8703
1635,0.9974
1636,0.926
1637,0.0215
1638,0.0043
1639,0.2805
1640,1.0
1641,0.0046
1642,0.0001
1643,0.5893
1644,0.1303
1645,0.0
1646,0.344
1647,0.9951
1648,0.001
1649,0.4705
1650,0.1554
1651,0.0
1652,0.0003
1653,0.9785
1654,0.9933
1655,0.9441
1656,0.1922
1657,1.0
1658,0.0002
1659,0.2883
1660,0.9091
1661,0.0106
1662,0.0598
1663,0.0908
1664,0.0654
1665,0.9999
1666,0.0035
1667,0.4537
1668,0.0028
1669,0.0
1670,0.0
1671,0.9968
1672,1.0
1673,0.9989
1674,0.9553
1675,0.1952
1676,0.9993
1677,0.0001
1678,0.9843
1679,0.0011
1680,0.0
1681,0.8189
1682,0.0003
1683,0.9985
1684,0.9775
1685,0.0002
1686,0.0002
1687,0.9911
1688,0.2543
1689,0.0001
1690,0.0949
1691,0.0003
1692,0.0049
1693,0.0692
1694,0.9961
1695,0.3899
1696,0.996
1697,0.4786
1698,0.3779
1699,0.9946
1700,0.0044
1701,0.9406
1702,1.0
1703,0.9222
1704,0.1808
1705,0.0291
1706,0.2661
1707,0.0975
1708,0.053
1709,0.0001
1710,0.0517
1711,0.2294
1712,0.0064
1713,0.0004
1714,0.0135
1715,0.9658
1716,0.002
1717,0.0006
1718,0.9871
1719,0.9998
1720,1.0
1721,0.9999
1722,0.5706
1723,0.0002
1724,0.0
1725,0.0013
1726,0.0323
1727,0.0006
1728,1.0
1729,0.8865
1730,0.0039
1731,0.0025
1732,0.186
1733,0.0213
1734,0.0002
1735,0.0964
1736,0.0004
1737,0.0021
1738,0.0003
1739,0.1137
1740,0.0049
1741,0.0101
1742,0.0
1743,0.9113
1744,0.1871
1745,0.9977
1746,0.0001
1747,0.0885
1748,0.0075
1749,0.1722
1750,0.0023
1751,0.0204
1752,1.0
1753,0.9963
1754,0.9996
1755,0.1991
1756,0.2189
1757,0.0034
1758,0.2452
1759,0.9459
1760,1.0
1761,0.0327
1762,0.0092
1763,0.4389
1764,0.0406
1765,0.0062
1766,0.3749
1767,1.0
1768,0.0828
1769,0.0016
1770,0.0788
1771,0.8048
1772,0.0315
1773,0.0014
1774,0.9978
1775,0.9797
1776,0.8876
1777,0.0005
1778,0.0085
1779,1.0
1780,0.9996
1781,0.943
1782,0.0026
1783,0.0314
1784,0.0447
1785,0.8811
1786,0.7284
1787,0.0002
1788,0.0006
1789,0.0001
1790,0.983
1791,0.0027
1792,0.001
1793,0.912
1794,0.2207
1795,0.0001
1796,0.4879
1797,0.0112
1798,0.2126
1799,0.0
1800,0.0408
1801,0.9876
1802,0.9963
1803,0.8647
1804,0.7572
1805,0.9737
1806,0.0007
1807,0.963
1808,0.5481
1809,0.9997
1810,0.5034
1811,0.8602
1812,0.067
1813,0.9999
1814,0.2875
1815,0.9998
1816,0.1415
1817,0.0001
1818,0.915
1819,0.9887
1820,0.198
1821,0.7604
1822,0.9869
1823,0.7458
1824,0.8483
1825,0.0445
1826,0.9993
1827,0.0359
1828,0.0213
1829,0.998
1830,0.9993
1831,0.2352
1832,1.0
1833,0.0016
1834,0.9448
1835,0.0001
1836,0.0204
1837,0.0033
1838,0.0009
1839,0.9568
1840,0.7049
1841,0.0001
1842,0.0
1843,0.902
1844,0.8242
1845,0.9444
1846,0.4481
1847,0.4614
1848,0.1754
1849,0.0009
1850,0.0006
1851,0.1332
1852,0.5089
1853,0.9999
1854,0.9966
1855,0.7889
1856,0.0347
1857,0.6072
1858,0.0
1859,0.0002
1860,0.0199
1861,0.9685
1862,0.0027
1863,0.0617
1864,0.2124
1865,0.0759
1866,0.0004
1867,0.9409
1868,0.9608
1869,0.3097
1870,1.0
1871,0.099
1872,0.8032
1873,0.7381
1874,0.024
1875,1.0
1876,0.002
1877,0.0
1878,0.0
1879,0.8971
1880,0.9852
1881,0.0001
1882,0.9991
1883,0.0005
1884,0.0004
1885,0.0012
1886,0.0534
1887,0.0001
1888,0.9958
1889,0.9999
1890,0.5762
1891,1.0
1892,0.9998
1893,0.001
1894,0.8994
1895,0.0247
1896,0.9984
1897,0.9082
1898,0.0076
1899,0.0966
1900,1.0
1901,0.9004
1902,0.0142
1903,0.0771
1904,0.0033
1905,0.9637
1906,0.0027
1907,0.0014
1908,0.0012
1909,0.0135
1910,0.9999
1911,0.1714
1912,0.9999
1913,0.0066
1914,0.9613
1915,0.6105
1916,0.7038
1917,0.4668
1918,0.3748
1919,1.0
1920,0.0038
1921,0.0001
1922,0.0122
1923,0.9248
1924,0.1491
1925,0.9972
1926,0.8884
1927,0.0033
1928,0.1741
1929,0.0262
1930,0.9919
1931,0.7439
1932,0.0379
1933,0.996
1934,0.0204
1935,0.9984
1936,0.0004
1937,0.852
1938,0.9984
1939,0.0011
1940,0.3601
1941,0.0004
1942,0.4881
1943,0.0248
1944,0.9989
1945,0.0001
1946,0.0314
1947,0.9988
1948,0.032
1949,0.9986
1950,0.9989
1951,0.0716
1952,0.0003
1953,0.0001
1954,0.016
1955,0.2704
1956,0.9945
1957,0.2718
1958,0.0014
1959,0.0005
1960,0.0381
1961,1.0
1962,0.9198
1963,0.0032
1964,0.9989
1965,0.2752
1966,0.0009
1967,0.9998
1968,0.0007
1969,0.024
1970,0.9706
1971,0.1749
1972,0.0
1973,0.0015
1974,0.0377
1975,1.0
1976,0.9635
1977,0.9998
1978,0.9812
1979,0.4221
1980,0.2299
1981,1.0
1982,0.0021
1983,0.0144
1984,0.2201
1985,0.6698
1986,0.0
1987,0.0001
1988,0.993
1989,0.9478
1990,0.1451
1991,0.9935
1992,0.328
1993,0.0154
1994,1.0
1995,0.0702
1996,0.1253
1997,0.9237
1998,0.204
1999,0.1253
2000,0.9406
2001,0.8578
2002,0.0702
2003,0.8701
2004,0.9908
2005,0.0861
2006,0.0085
2007,0.0003
2008,0.0154
2009,0.9999
2010,0.0
2011,1.0
2012,0.013
2013,0.6359
2014,0.9955
2015,0.002
2016,0.9598
2017,0.0001
2018,0.9943
2019,0.0544
2020,0.9999
2021,0.9985
2022,0.2563
2023,0.3179
2024,0.9924
2025,0.0
2026,0.0
2027,0.9628
2028,0.999
2029,0.9208
2030,0.9991
2031,0.9909
2032,0.972
2033,0.9823
2034,0.0014
2035,0.0501
2036,0.7725
2037,0.0005
2038,0.9673
2039,0.0495
2040,0.0251
2041,0.0072
2042,0.0118
2043,0.1016
2044,0.999
2045,1.0
2046,0.0348
2047,0.0143
2048,0.9329
2049,0.0253
2050,1.0
2051,0.0098
2052,0.9951
2053,0.9893
2054,0.1835
2055,0.0167
2056,0.0038
2057,0.9998
2058,0.9991
2059,0.085
2060,0.8387
2061,0.0006
2062,0.0113
2063,0.0001
2064,0.1122
2065,0.086
2066,0.1181
2067,0.9955
2068,1.0
2069,0.9928
2070,0.9965
2071,0.8926
2072,0.0008
2073,0.0002
2074,1.0
2075,0.0176
2076,0.1981
2077,0.0186
2078,0.0006
2079,0.464
2080,0.2374
2081,0.1549
2082,0.3014
2083,0.0024
2084,0.9821
2085,0.8318
2086,0.0648
2087,0.0198
2088,0.9976
2089,0.52
2090,0.9971
2091,0.8466
2092,0.9999
2093,0.0012
2094,0.0
2095,0.0005
2096,0.0165
2097,0.4697
2098,0.0011
2099,0.9983
2100,0.2008
2101,0.0002
2102,0.0013
2103,0.0
2104,0.66
2105,0.9998
2106,0.0001
2107,0.0
2108,0.9782
2109,0.0016
2110,0.9979
2111,0.0093
2112,0.9996
2113,0.0001
2114,0.9983
2115,0.0123
2116,0.9795
2117,0.0
2118,0.9924
2119,0.1625
2120,0.549
2121,0.0307
2122,0.0009
2123,0.7087
2124,0.7934
2125,1.0
2126,0.0003
2127,0.9742
2128,0.0166
2129,0.8132
2130,0.317
2131,0.001
2132,0.9359
2133,0.0089
2134,0.9381
2135,0.1202
2136,1.0
2137,0.964
2138,0.8382
2139,0.9659
2140,0.5553
2141,0.9347
2142,0.0
2143,1.0
2144,0.9901
2145,0.0054
2146,0.9197
2147,0.0045
2148,0.0016
2149,0.0051
2150,0.5397
2151,0.7949
2152,0.0
2153,0.7186
2154,0.0029
2155,0.9997
2156,0.9843
2157,1.0
2158,0.0
2159,0.1883
2160,0.0545
2161,0.0036
2162,0.0235
2163,1.0
2164,0.0021
2165,0.0001
2166,0.9999
2167,0.8604
2168,0.0012
2169,0.0
2170,0.0104
2171,0.9394
2172,0.9991
2173,0.9932
2174,0.434
2175,0.9998
2176,0.0336
2177,0.0003
2178,0.9964
2179,0.0004
2180,0.0038
2181,0.5698
2182,1.0
2183,0.3529
2184,0.3533
2185,0.0254
2186,0.9218
2187,0.1235
2188,0.2092
2189,0.0927
2190,0.0
2191,0.7151
2192,0.0011
2193,0.9985
2194,0.002
2195,0.0998
2196,0.0073
2197,0.0031
2198,0.4679
2199,0.0013
2200,0.0166
2201,0.0004
2202,0.0
2203,0.0001
2204,0.0038
2205,0.0001
2206,0.0
2207,1.0
2208,0.0003
2209,0.994
2210,0.9051
2211,1.0
2212,0.001
2213,0.0744
2214,0.0032
2215,1.0
2216,0.2263
2217,0.9832
2218,0.0052
2219,0.0633
2220,0.0221
2221,0.9593
2222,0.0005
2223,0.0005
2224,0.0001
2225,0.9999
2226,0.0023
2227,0.9975
2228,0.8801
2229,0.9904
2230,0.1303
2231,0.0005
2232,0.6883
2233,0.0
2234,0.0064
2235,0.999
2236,0.6566
2237,0.0335
2238,0.9996
2239,0.4256
2240,1.0
2241,0.0004
2242,0.5817
2243,0.9382
2244,0.9371
2245,1.0
2246,0.0331
2247,0.9995
2248,0.9966
2249,0.0269
2250,1.0
2251,0.9849
2252,0.9735
2253,0.1293
2254,0.0011
2255,0.9903
2256,0.0039
2257,0.9998
2258,1.0
2259,0.0282
2260,0.9771
2261,0.6691
2262,0.0004
2263,0.8532
2264,0.9932
2265,0.0297
2266,0.9469
2267,0.6249
2268,0.0004
2269,0.7977
2270,0.0118
2271,0.9051
2272,0.8528
2273,0.0002
2274,0.0786
2275,0.9908
2276,0.0004
2277,0.4717
2278,0.9911
2279,0.9988
2280,0.003
2281,1.0
2282,0.0009
2283,0.9998
2284,0.0009
2285,0.5108
2286,0.0001
2287,0.0
2288,0.0053
2289,0.1576
2290,0.9967
2291,0.5442
2292,0.0001
2293,0.0009
2294,0.9893
2295,0.1322
2296,0.6383
2297,0.3991
2298,0.0043
2299,0.7818
2300,0.0001
2301,0.9999
2302,0.9781
2303,0.9788
2304,1.0
2305,1.0
2306,0.0435
2307,0.0
2308,0.941
2309,0.0331
2310,1.0
2311,0.6096
2312,0.9995
2313,0.9984
2314,0.5365
2315,0.1181
2316,0.0026
2317,0.7932
2318,0.0
2319,0.9028
2320,0.9616
2321,0.9501
2322,0.0002
2323,1.0
2324,0.3932
2325,0.6015
2326,0.0027
2327,0.0005
2328,0.0018
2329,0.0091
2330,0.0031
2331,0.004
2332,0.021
2333,0.0033
2334,0.0001
2335,0.1993
2336,0.0011
2337,0.8999
2338,0.9987
2339,0.0001
2340,0.0834
2341,0.0822
2342,0.9999
2343,0.9993
2344,0.9991
2345,0.8289
2346,0.0018
2347,0.8023
2348,0.9964
2349,0.6178
2350,0.0018
2351,0.9297
2352,1.0
2353,0.1215
2354,0.0007
2355,0.9948
2356,0.8587
2357,0.9998
2358,0.6423
2359,0.9998
2360,1.0
2361,0.0375
2362,0.868
2363,0.8897
2364,0.0033
2365,0.9999
2366,0.0014
2367,1.0
2368,0.9912
2369,0.9343
2370,1.0
2371,0.1193
2372,0.9913
2373,0.0004
2374,0.0015
2375,0.0042
2376,0.1567
2377,0.9857
2378,0.0002
2379,0.9989
2380,0.6311
2381,0.3781
2382,0.0005
2383,0.0
2384,0.0001
2385,0.2187
2386,0.0088
2387,0.9981
2388,0.0003
2389,0.9396
2390,0.0776
2391,0.0034
2392,0.7572
2393,1.0
2394,0.0
2395,0.9996
2396,0.9518
2397,0.9984
2398,0.0016
2399,0.9998
2400,0.015
2401,0.9954
2402,0.0132
2403,0.9956
2404,0.1065
2405,0.7067
2406,0.9847
2407,0.6144
2408,0.0139
2409,0.9985
2410,0.0163
2411,0.6969
2412,0.0003
2413,0.9949
2414,0.032
2415,0.0003
2416,0.8521
2417,0.0008
2418,0.9999
2419,0.7833
2420,0.9968
2421,0.5173
2422,0.9993
2423,0.0
2424,0.0087
2425,0.9995
2426,0.1462
2427,0.2278
2428,0.994
2429,0.0039
2430,0.0346
2431,0.0003
2432,0.999
2433,0.0006
2434,0.9998
2435,0.9262
2436,0.0175
2437,0.9289
2438,0.0023
2439,0.3831
2440,0.7735
2441,0.0002
2442,0.007
2443,0.0005
2444,1.0
2445,0.9975
2446,0.9999
2447,0.1396
2448,0.9994
2449,0.9972
2450,0.929
2451,0.9706
2452,0.9025
2453,0.7534
2454,0.0411
2455,0.0
2456,0.0168
2457,0.954
2458,0.008
2459,0.0002
2460,0.0038
2461,0.0032
2462,0.0057
2463,0.0
2464,0.0012
2465,0.9994
2466,0.0324
2467,0.644
2468,0.9846
2469,0.0023
2470,0.7059
2471,0.0011
2472,0.0003
2473,0.9995
2474,0.7077
2475,0.0033
2476,0.0584
2477,0.2468
2478,0.0047
2479,0.9987
2480,0.1374
2481,0.9993
2482,0.9055
2483,0.8428
2484,0.9969
2485,0.9979
2486,0.5433
2487,0.002
2488,0.6454
2489,0.0205
2490,0.0005
2491,0.0097
2492,0.0207
2493,0.0009
2494,0.9991
2495,0.0129
2496,0.0
2497,0.0142
2498,0.2261
2499,0.4819
2500,0.0101
2501,0.0001
2502,0.3476
2503,0.9999
2504,0.014
2505,0.0012
2506,0.0207
2507,0.0009
2508,0.9998
2509,0.0011
2510,0.0003
2511,0.2736
2512,0.9983
2513,0.981
2514,0.0009
2515,0.7589
2516,0.0022
2517,0.0001
2518,1.0
2519,0.9065
2520,0.0041
2521,0.889
2522,0.9906
2523,0.9691
2524,0.989
2525,0.3898
2526,0.0049
2527,0.9991
2528,0.0557
2529,0.0008
2530,0.98
2531,1.0
2532,0.0025
2533,0.4775
2534,0.1738
2535,0.0043
2536,0.0006
2537,1.0
2538,0.4297
2539,0.9997
2540,0.9987
2541,0.9901
2542,0.6791
2543,0.9828
2544,0.9229
2545,0.7369
2546,0.0001
2547,0.0003
2548,0.0016
2549,0.2469
2550,0.9783
2551,0.9786
2552,0.0317
2553,0.986
2554,0.376
2555,0.0311
2556,0.0176
2557,0.425
2558,0.0043
2559,0.9989
2560,0.001
2561,0.9095
2562,0.0345
2563,0.6933
2564,0.0161
2565,0.4229
2566,0.8801
2567,0.9996
2568,0.0395
2569,0.7084
2570,0.0
2571,0.9951
2572,0.3242
2573,0.0009
2574,0.534
2575,0.0
2576,0.9822
2577,0.0
2578,0.001
2579,0.9588
2580,0.9379
2581,0.0842
2582,0.0003
2583,0.2956
2584,0.0011
2585,0.8556
2586,0.7036
2587,0.1196
2588,0.0075
2589,0.0006
2590,0.9999
2591,0.9565
2592,0.0014
2593,0.9548
2594,0.1751
2595,0.0008
2596,0.4042
2597,0.9886
2598,0.9923
2599,0.999
2600,0.423
2601,0.0002
2602,0.9991
2603,0.783
2604,0.4357
2605,0.0037
2606,0.3331
2607,0.0091
2608,0.9344
2609,0.4052
2610,0.9982
2611,0.992
2612,0.9958
2613,0.9999
2614,0.9999
2615,0.1921
2616,0.9985
2617,0.0
2618,0.0001
2619,1.0
2620,0.9974
2621,0.9506
2622,0.9967
2623,0.0084
2624,0.0015
2625,0.2352
2626,0.9989
2627,0.0051
2628,0.9698
2629,0.0009
2630,0.1564
2631,0.0855
2632,0.9963
2633,0.0524
2634,0.0
2635,0.9993
2636,0.9995
2637,0.9441
2638,0.4448
2639,0.0
2640,0.0938
2641,0.9265
2642,0.993
2643,0.9986
2644,0.0158
2645,0.969
2646,0.0005
2647,0.0317
2648,0.0113
2649,0.0078
2650,0.8614
2651,0.2924
2652,0.8422
2653,0.0007
2654,0.937
2655,0.9992
2656,0.154
2657,0.0665
2658,0.6282
2659,0.0871
2660,0.0246
2661,0.014
2662,0.0001
2663,0.5854
2664,0.9867
2665,0.0097
2666,0.9994
2667,1.0
2668,0.0041
2669,0.0012
2670,0.0199
2671,1.0
2672,0.9711
2673,0.9999
2674,0.0001
2675,0.0777
2676,0.9998
2677,0.0312
2678,0.9236
2679,0.0595
2680,0.0015
2681,0.987
2682,0.0075
2683,0.9872
2684,0.004
2685,0.0001
2686,0.2634
2687,0.3877
2688,0.0001
2689,0.0057
2690,0.9778
2691,0.9992
2692,0.0229
2693,0.9998
2694,0.0001
2695,0.9999
2696,0.9999
2697,0.994
2698,0.0224
2699,0.0055
2700,1.0
2701,0.9624
2702,0.0246
2703,0.0018
2704,0.0006
2705,0.1172
2706,0.5861
2707,0.8495
2708,0.0006
2709,0.0028
2710,0.0383
2711,0.0312
2712,0.0458
2713,0.116
2714,0.9972
2715,1.0
2716,0.012
2717,1.0
2718,0.0228
2719,0.0029
2720,0.0
2721,1.0
2722,0.9991
2723,0.8406
2724,0.0
2725,0.0
2726,0.2128
2727,0.4524
2728,0.6021
2729,0.9989
2730,0.9996
2731,0.0284
2732,0.1072
2733,0.0508
2734,0.9403
2735,0.0013
2736,0.0005
2737,0.984
2738,0.0037
2739,0.0036
2740,0.9994
2741,0.9995
2742,0.0028
2743,0.2809
2744,0.9999
2745,0.0496
2746,0.7015
2747,0.0314
2748,0.9995
2749,0.8839
2750,0.9819
2751,0.0229
2752,0.0
2753,0.662
2754,0.0591
2755,0.0
2756,0.0
2757,0.9362
2758,0.2036
2759,0.0012
2760,0.8524
2761,1.0
2762,0.0844
2763,0.9986
2764,0.0045
2765,0.2554
2766,0.2066
2767,0.998
2768,0.0006
2769,0.9999
2770,0.1276
2771,0.0
2772,0.001
2773,0.6389
2774,0.9945
2775,0.9746
2776,0.4042
2777,0.0577
2778,0.9884
2779,0.993
2780,0.8154
2781,0.0
2782,0.997
2783,0.999
2784,0.9998
2785,0.0
2786,0.0074
2787,0.0005
2788,0.0509
2789,0.9521
2790,0.0005
2791,0.0378
2792,0.004
2793,0.9999
2794,0.9647
2795,0.0195
2796,0.0026
2797,0.9996
2798,1.0
2799,0.9999
2800,0.0348
2801,0.0014
2802,0.0009
2803,0.1086
2804,0.3354
2805,0.9973
2806,0.0309
2807,0.9998
2808,0.0153
2809,0.0001
2810,0.992
2811,0.0013
2812,0.0035
2813,0.1652
2814,0.1602
2815,0.9943
2816,0.9993
2817,0.7095
2818,0.0001
2819,0.002
2820,0.0002
2821,0.0089
2822,0.9902
2823,1.0
2824,0.9995
2825,1.0
2826,0.9998
2827,0.9982
2828,0.0676
2829,0.0113
2830,0.1273
2831,0.9473
2832,0.9984
2833,1.0
2834,0.9899
2835,1.0
2836,0.8845
2837,0.0
2838,0.0208
2839,0.6568
2840,0.9914
2841,0.001
2842,0.0066
2843,0.5637
2844,0.9416
2845,0.0011
2846,0.8443
2847,0.0461
2848,0.9926
2849,0.0018
2850,0.8798
2851,0.0003
2852,0.316
2853,0.0091
2854,1.0
2855,0.0011
2856,0.0
2857,0.0007
2858,1.0
2859,0.9068
2860,0.0274
2861,0.9963
2862,0.965
2863,0.02
2864,0.9998
2865,0.0
2866,0.0077
2867,0.6473
2868,0.0082
2869,0.9989
2870,0.0084
2871,0.0209
2872,1.0
2873,0.0002
2874,0.0139
2875,0.0009
2876,1.0
2877,0.9995
2878,0.3959
2879,0.0
2880,0.9991
2881,0.1168
2882,0.9998
2883,0.9805
2884,0.0028
2885,0.0029
2886,0.0001
2887,0.0009
2888,0.0001
2889,0.9859
2890,0.9977
2891,0.0001
2892,0.5384
2893,0.9272
2894,0.0002
2895,1.0
2896,0.7972
2897,0.9717
2898,0.0
2899,0.0021
2900,0.9999
2901,0.0001
2902,0.9626
2903,0.0133
2904,0.0938
2905,0.0109
2906,0.9889
2907,0.0045
2908,0.9973
2909,0.7837
2910,0.0287
2911,0.0161
2912,0.5195
2913,0.2484
2914,0.5301
2915,0.0665
2916,0.3049
2917,0.9975
2918,1.0
2919,0.0
2920,0.9999
2921,0.9995
2922,0.0068
2923,0.0807
2924,0.2401
2925,0.0045
2926,0.0
2927,0.3733
2928,0.9976
2929,0.1064
2930,0.659
2931,0.9982
2932,0.0022
2933,0.0072
2934,0.384
2935,0.0201
2936,1.0
2937,0.0176
2938,0.8422
2939,0.0694
2940,0.0554
2941,0.1759
2942,0.1013
2943,0.9717
2944,0.0018
2945,0.9569
2946,0.6797
2947,0.8675
2948,0.4863
2949,0.0114
2950,0.1318
2951,0.9995
2952,0.7975
2953,0.0001
2954,0.016
2955,0.0236
2956,0.9999
2957,0.594
2958,0.9923
2959,0.998
2960,0.0002
2961,0.0802
2962,0.9994
2963,0.999
2964,0.0273
2965,0.3293
2966,0.0021
2967,0.0005
2968,0.0396
2969,0.001
2970,0.8883
2971,0.0
2972,0.9987
2973,0.9999
2974,0.9025
2975,0.006
2976,0.5473
2977,0.0013
2978,0.0322
2979,0.0321
2980,0.7328
2981,0.9997
2982,0.9989
2983,0.0005
2984,0.0044
2985,0.9934
2986,0.9082
2987,0.0014
2988,0.0187
2989,0.9548
2990,0.4275
2991,0.0001
2992,0.0425
2993,0.886
2994,0.0001
2995,0.9878
2996,0.7112
2997,0.0005
2998,0.9999
2999,0.9984
3000,0.6412
3001,0.9836
3002,0.0004
3003,0.018
3004,0.8303
3005,0.779
3006,0.9996
3007,0.8532
3008,0.0004
3009,0.5683
3010,0.0123
3011,0.0
3012,0.0032
3013,0.0
3014,0.0681
3015,0.0079
3016,0.9994
3017,0.0079
3018,0.9996
3019,0.0063
3020,0.0056
3021,0.8361
3022,0.0
3023,1.0
3024,0.0
3025,0.3196
3026,0.0092
3027,0.1634
3028,0.0007
3029,0.0761
3030,0.0
3031,0.9228
3032,0.0003
3033,0.0001
3034,0.8978
3035,0.0017
3036,0.0009
3037,0.0008
3038,0.067
3039,0.158
3040,0.0002
3041,0.3021
3042,0.0485
3043,0.0539
3044,0.0176
3045,0.0849
3046,0.9984
3047,0.0111
3048,0.0156
3049,1.0
3050,0.0241
3051,0.9999
3052,0.0002
3053,0.303
3054,0.9215
3055,0.0358
3056,0.0003
3057,0.548
3058,0.0059
3059,0.0002
3060,0.9911
3061,0.2249
3062,0.0001
3063,0.1918
3064,0.0117
3065,0.9922
3066,0.9994
3067,0.4242
3068,0.0535
3069,0.9969
3070,0.9996
3071,0.916
3072,0.0784
3073,0.9979
3074,0.0012
3075,0.0427
3076,0.7424
3077,0.9984
3078,0.2686
3079,0.4528
3080,0.9846
3081,0.0288
3082,1.0
3083,0.9977
3084,1.0
3085,0.0004
3086,1.0
3087,0.5128
3088,0.0
3089,0.0
3090,0.9701
3091,0.9779
3092,0.0006
3093,0.2664
3094,0.9993
3095,0.646
3096,0.9819
3097,0.9826
3098,0.9993
3099,1.0
3100,0.0037
3101,0.0013
3102,0.9974
3103,0.0341
3104,0.9601
3105,0.0002
3106,0.9101
3107,0.995
3108,0.8735
3109,0.0001
3110,0.3666
3111,0.998
3112,0.3058
3113,0.1083
3114,0.0208
3115,0.8707
3116,0.0928
3117,0.9961
3118,0.0071
3119,0.0
3120,1.0
3121,0.9828
3122,0.0006
3123,0.7279
3124,0.1822
3125,0.0002
3126,0.0015
3127,0.87
3128,0.9588
3129,0.0029
3130,1.0
3131,0.9792
3132,0.0463
3133,0.9988
3134,0.0349
3135,0.9535
3136,0.4883
3137,0.8333
3138,1.0
3139,0.7775
3140,0.5241
3141,0.8979
3142,0.9986
3143,0.0306
3144,0.8878
3145,0.1172
3146,1.0
3147,0.888
3148,0.9942
3149,0.9501
3150,0.196
3151,0.7885
3152,0.9988
3153,0.0001
3154,0.0037
3155,0.0061
3156,0.2068
3157,0.7905
3158,0.9076
3159,0.3139
3160,0.0057
3161,0.0027
3162,0.3352
3163,0.987
3164,0.0001
3165,0.1992
3166,0.0003
3167,0.0003
3168,0.9417
3169,0.0004
3170,0.0015
3171,0.9992
3172,0.6772
3173,0.4727
3174,0.9564
3175,0.9599
3176,0.2577
3177,0.6098
3178,0.0028
3179,0.0023
3180,0.001
3181,0.0
3182,0.9986
3183,0.2288
3184,0.0013
3185,0.9919
3186,0.9996
3187,0.8019
3188,0.308
3189,0.8935
3190,0.9773
3191,0.972
3192,0.0003
3193,0.0037
3194,0.0087
3195,0.9295
3196,0.0128
3197,0.0
3198,0.0
3199,0.9964
3200,0.0214
3201,0.9996
3202,0.998
3203,0.0073
3204,0.998
3205,0.004
3206,0.0001
3207,1.0
3208,1.0
3209,0.9999
3210,0.1756
3211,0.0572
3212,0.0005
3213,0.9988
3214,0.8078
3215,0.0
3216,0.0001
3217,0.6115
3218,0.0605
3219,0.0373
3220,0.9997
3221,0.0037
3222,0.0005
3223,0.0016
3224,0.0106
3225,0.9999
3226,0.9801
3227,0.0128
3228,0.1141
3229,0.9275
3230,0.0614
3231,0.0025
3232,0.0547
3233,0.9982
3234,0.008
3235,0.028
3236,0.9935
3237,0.0
3238,0.0114
3239,1.0
3240,0.0109
3241,0.9903
3242,0.163
3243,0.0
3244,0.0388
3245,0.0
3246,0.9979
3247,0.096
3248,0.0006
3249,0.9985
3250,0.0086
3251,0.7317
3252,0.9996
3253,0.0365
3254,0.0117
3255,0.998
3256,0.0036
3257,0.2304
3258,0.4362
3259,0.9792
3260,0.5389
3261,0.0115
3262,0.9822
3263,0.99
3264,0.9997
3265,0.0011
3266,0.9779
3267,0.3807
3268,0.033
3269,0.9341
3270,0.9993
3271,0.0001
3272,0.0006
3273,0.5264
3274,0.1108
3275,0.7701
3276,0.0033
3277,0.9987
3278,0.9978
3279,0.0418
3280,0.005
3281,0.003
3282,0.0664
3283,0.0085
3284,0.8828
3285,0.0029
3286,0.8965
3287,0.2413
3288,0.0019
3289,0.0001
3290,0.0052
3291,0.9357
3292,0.9917
3293,0.0583
3294,0.0022
3295,0.7563
3296,0.1475
3297,0.9911
3298,0.9893
3299,0.3511
3300,0.9973
3301,0.6674
3302,0.0081
3303,0.0
3304,0.2017
3305,0.0067
3306,0.9394
3307,0.9818
3308,0.993
3309,0.0004
3310,0.4648
3311,0.9896
3312,0.9925
3313,0.953
3314,0.0002
3315,1.0
3316,0.0012
3317,0.0078
3318,0.0251
3319,0.9999
3320,0.0001
3321,0.4903
3322,0.004
3323,0.0005
3324,1.0
3325,0.0629
3326,0.0073
3327,0.9999
3328,1.0
3329,0.0598
3330,0.0005
3331,0.002
3332,0.9997
3333,0.9965
3334,0.0001
3335,0.1618
3336,1.0
3337,0.0001
3338,0.9989
3339,0.9982
3340,0.912
3341,0.0025
3342,0.0738
3343,0.0025
3344,0.9573
3345,0.9969
3346,0.4352
3347,0.002
3348,0.0003
3349,0.0392
3350,0.9707
3351,0.9667
3352,0.0228
3353,1.0
3354,0.0002
3355,0.7258
3356,0.9989
3357,0.8826
3358,0.2909
3359,0.0
3360,0.0665
3361,0.0365
3362,0.0244
3363,0.3145
3364,0.0292
3365,0.0412
3366,0.1007
3367,0.0108
3368,0.9984
3369,0.9972
3370,0.9676
3371,0.0047
3372,0.9787
3373,0.9751
3374,0.9998
3375,0.0376
3376,1.0
3377,0.0001
3378,0.0
3379,0.0462
3380,0.0505
3381,0.9999
3382,0.0007
3383,0.2079
3384,0.9913
3385,0.0008
3386,0.0025
3387,0.0003
3388,0.9984
3389,0.0029
3390,0.2547
3391,0.9955
3392,0.0238
3393,0.0007
3394,0.027
3395,0.0165
3396,0.0056
3397,0.0001
3398,0.921
3399,0.0002
3400,0.9974
3401,0.9994
3402,0.0072
3403,0.0001
3404,0.0003
3405,0.0023
3406,0.0001
3407,0.0158
3408,0.7805
3409,0.9314
3410,0.9998
3411,0.8433
3412,0.9895
3413,0.0086
3414,0.0525
3415,0.0005
3416,1.0
3417,0.9714
3418,0.053
3419,0.9994
3420,0.0116
3421,0.0041
3422,0.0262
3423,0.9998
3424,0.8331
3425,0.0001
3426,0.9777
3427,0.0263
3428,0.1619
3429,0.0001
3430,0.7878
3431,0.5502
3432,0.9985
3433,0.0011
3434,0.0005
3435,0.9928
3436,0.5441
3437,0.3492
3438,0.6934
3439,0.0916
3440,0.9996
3441,0.9999
3442,0.9611
3443,0.9854
3444,0.0003
3445,0.1102
3446,0.2551
3447,0.0
3448,0.5526
3449,0.9567
3450,0.1628
3451,0.9908
3452,0.0002
3453,0.9579
3454,0.0049
3455,0.9869
3456,0.9975
3457,0.9852
3458,0.0069
3459,0.9994
3460,0.0079
3461,0.8593
3462,0.9826
3463,0.0098
3464,0.9999
3465,0.0171
3466,0.2693
3467,0.9439
3468,0.9992
3469,0.3873
3470,1.0
3471,1.0
3472,0.0698
3473,0.9449
3474,0.2793
3475,0.9548
3476,0.0
3477,0.0004
3478,0.2787
3479,0.9992
3480,0.9323
3481,0.2352
3482,0.6962
3483,0.9797
3484,0.0122
3485,0.6253
3486,0.9711
3487,0.0392
3488,0.6652
3489,0.8537
3490,0.0165
3491,0.1455
3492,0.9994
3493,0.0266
3494,0.0
3495,0.0498
3496,0.0017
3497,0.0127
3498,0.01
3499,0.0048
3500,0.6073
3501,0.9748
3502,0.0761
3503,0.9869
3504,0.999
3505,0.9553
3506,0.0057
3507,0.9991
3508,0.9962
3509,0.0067
3510,0.9999
3511,0.5208
3512,0.9364
3513,0.022
3514,0.0003
3515,0.0007
3516,0.9985
3517,0.5019
3518,0.9725
3519,0.9736
3520,0.002
3521,0.9531
3522,0.9878
3523,0.0207
3524,0.9999
3525,0.0764
3526,0.0007
3527,0.0404
3528,0.9721
3529,0.0
3530,0.9864
3531,0.082
3532,0.999
3533,1.0
3534,1.0
3535,0.021
3536,0.1023
3537,0.4378
3538,0.9999
3539,0.9867
3540,0.925
3541,0.0353
3542,0.0873
3543,0.0002
3544,0.0038
3545,0.0001
3546,0.9978
3547,0.0
3548,0.8249
3549,0.9954
3550,0.4427
3551,0.0003
3552,0.9994
3553,0.7883
3554,0.0498
3555,0.005
3556,0.0006
3557,0.0006
3558,0.9653
3559,0.0005
3560,0.2313
3561,0.9974
3562,0.555
3563,0.0003
3564,0.0028
3565,0.1334
3566,0.0003
3567,0.0117
3568,0.9782
3569,0.9999
3570,0.9841
3571,0.514
3572,0.0068
3573,1.0
3574,0.005
3575,0.3282
3576,0.9996
3577,0.9999
3578,0.0313
3579,0.937
3580,0.2702
3581,0.1696
3582,0.9991
3583,0.0
3584,0.9733
3585,0.0018
3586,0.9931
3587,0.9931
3588,0.3515
3589,0.1236
3590,0.0395
3591,0.9987
3592,0.0002
3593,0.0
3594,0.0324
3595,0.954
3596,0.9332
3597,0.9998
3598,0.2547
3599,0.9967
3600,0.3814
3601,0.9875
3602,0.9832
3603,0.0
3604,0.0083
3605,0.0
3606,0.1287
3607,0.0011
3608,0.0091
3609,0.0012
3610,0.1493
3611,0.0148
3612,0.9998
3613,0.9999
3614,0.3185
3615,0.0008
3616,0.0943
3617,0.0001
3618,1.0
3619,0.11
3620,0.026
3621,0.9839
3622,0.9989
3623,0.6896
3624,0.0048
3625,0.0
3626,0.0003
3627,0.0474
3628,0.9992
3629,0.0257
3630,0.9825
3631,0.9571
3632,0.9141
3633,0.3006
3634,0.0059
3635,0.9873
3636,0.0748
3637,0.0084
3638,0.0001
3639,0.0602
3640,0.0017
3641,1.0
3642,0.0001
3643,0.0001
3644,0.0798
3645,0.044
3646,0.9173
3647,0.9892
3648,0.3873
3649,0.7771
3650,0.8789
3651,0.9988
3652,0.0002
3653,0.0379
3654,0.0018
3655,0.003
3656,0.0155
3657,0.9998
3658,0.1503
3659,0.0185
3660,0.0157
3661,0.5237
3662,0.0325
3663,0.2844
3664,1.0
3665,0.5866
3666,0.0001
3667,0.8791
3668,0.2853
3669,0.8452
3670,0.9105
3671,0.9411
3672,0.9916
3673,1.0
3674,0.9963
3675,0.0435
3676,0.2697
3677,0.0
3678,0.4378
3679,0.0668
3680,0.0031
3681,0.0007
3682,0.0021
3683,0.8764
3684,0.5587
3685,0.9771
3686,0.7729
3687,0.9816
3688,0.9845
3689,0.9989
3690,0.005
3691,0.0002
3692,0.2625
3693,0.0022
3694,0.0581
3695,0.0003
3696,0.0003
3697,0.286
3698,0.0014
3699,0.0956
3700,0.0696
3701,0.0
3702,0.6978
3703,0.8483
3704,0.3844
3705,0.9873
3706,0.0489
3707,0.0001
3708,0.1001
3709,0.0045
3710,0.1335
3711,0.4532
3712,0.0033
3713,0.3659
3714,0.9537
3715,0.0005
3716,0.0001
3717,0.0036
3718,0.1315
3719,0.0944
3720,0.0032
3721,0.4306
3722,0.6488
3723,0.9951
3724,0.0
3725,0.009
3726,0.0802
3727,0.0005
3728,0.0451
3729,0.9321
3730,0.9967
3731,0.0004
3732,0.9691
3733,0.1151
3734,0.9932
3735,0.2905
3736,0.1355
3737,0.9816
3738,0.176
3739,0.7766
3740,0.0064
3741,0.9995
3742,0.5953
3743,0.0106
3744,0.9281
3745,0.9122
3746,0.0006
3747,0.0
3748,0.306
3749,0.0154
3750,0.0829
3751,0.0559
3752,0.5812
3753,0.4575
3754,0.0
3755,0.9998
3756,0.8501
3757,0.9998
3758,0.0
3759,0.9993
3760,0.7403
3761,0.0005
3762,0.012
3763,0.0007
3764,0.6668
3765,0.0006
3766,0.0001
3767,1.0
3768,1.0
3769,0.0157
3770,0.0
3771,0.0569
3772,0.143
3773,0.0829
3774,0.0063
3775,0.9993
3776,0.0002
3777,0.0035
3778,0.0
3779,0.0151
3780,0.9983
3781,0.1102
3782,0.9988
3783,0.0003
3784,0.9895
3785,0.5381
3786,0.145
3787,0.9952
3788,0.113
3789,1.0
3790,0.9977
3791,0.9995
3792,0.9995
3793,0.7905
3794,0.9979
3795,0.0015
3796,0.0032
3797,0.1605
3798,0.0123
3799,0.4656
3800,0.9996
3801,0.0223
3802,0.9964
3803,0.9956
3804,0.9871
3805,0.2249
3806,1.0
3807,0.2724
3808,0.0
3809,1.0
3810,0.0012
3811,0.0083
3812,0.6961
3813,0.9994
3814,0.9401
3815,0.1516
3816,0.9999
3817,0.9594
3818,0.0034
3819,0.0154
3820,0.0005
3821,0.1955
3822,0.9998
3823,0.001
3824,0.0001
3825,0.0003
3826,0.1335
3827,0.5329
3828,0.023
3829,0.8912
3830,1.0
3831,0.099
3832,0.4129
3833,0.0103
3834,0.8615
3835,0.543
3836,1.0
3837,0.0438
3838,0.0388
3839,0.8826
3840,0.0355
3841,0.9999
3842,0.1739
3843,0.0001
3844,0.2109
3845,0.4494
3846,0.7735
3847,0.996
3848,0.9709
3849,0.4033
3850,0.0056
3851,0.0001
3852,0.0003
3853,0.9529
3854,0.0218
3855,0.0519
3856,0.9992
3857,0.0
3858,0.7802
3859,0.9359
3860,0.0005
3861,0.9272
3862,0.0427
3863,0.9908
3864,0.524
3865,0.6423
3866,0.0
3867,0.5274
3868,0.9995
3869,0.9976
3870,0.9988
3871,0.0348
3872,0.8144
3873,0.9999
3874,0.0001
3875,0.0045
3876,0.755
3877,0.1958
3878,1.0
3879,0.0207
3880,0.5998
3881,0.9989
3882,0.7576
3883,0.0713
3884,0.072
3885,0.1293
3886,0.5533
3887,0.7446
3888,0.9999
3889,0.0008
3890,0.7555
3891,0.909
3892,1.0
3893,0.0912
3894,0.0013
3895,0.3925
3896,0.9693
3897,0.0374
3898,0.9976
3899,0.678
3900,0.0127
3901,0.0002
3902,0.2944
3903,0.8518
3904,0.9888
3905,0.7784
3906,0.3584
3907,0.9989
3908,0.1352
3909,0.7191
3910,1.0
3911,0.1224
3912,0.9619
3913,0.9913
3914,0.1457
3915,0.0004
3916,1.0
3917,0.9998
3918,0.0087
3919,0.0032
3920,0.9999
3921,0.0004
3922,0.0
3923,0.0
3924,0.0
3925,0.9846
3926,0.0017
3927,0.4177
3928,0.0002
3929,0.992
3930,0.9955
3931,0.997
3932,0.0003
3933,0.9767
3934,0.9591
3935,0.5561
3936,1.0
3937,0.0004
3938,0.1257
3939,0.3196
3940,0.8973
3941,0.0001
3942,0.9924
3943,0.3079
3944,0.9644
3945,0.0067
3946,0.2916
3947,0.9424
3948,0.0143
3949,0.0128
3950,0.0266
3951,0.0045
3952,0.011
3953,0.8281
3954,0.1918
3955,0.0001
3956,0.9985
3957,0.0752
3958,0.9535
3959,0.9722
3960,0.9997
3961,0.6035
3962,0.9638
3963,0.8995
3964,1.0
3965,0.0153
3966,0.9513
3967,0.8931
3968,0.0001
3969,0.0086
3970,0.1526
3971,0.983
3972,1.0
3973,0.6363
3974,0.9999
3975,0.9958
3976,0.9982
3977,0.1681
3978,0.2593
3979,0.0134
3980,0.0349
3981,0.9188
3982,0.9608
3983,0.0015
3984,0.2636
3985,0.0407
3986,0.0001
3987,0.1229
3988,0.9075
3989,1.0
3990,0.9935
3991,0.379
3992,0.7347
3993,0.0053
3994,0.0
3995,0.6928
3996,0.0038
3997,0.3115
3998,0.234
3999,1.0
4000,0.659
4001,0.4857
4002,0.8556
4003,0.9966
4004,1.0
4005,0.0
4006,0.0106
4007,0.0122
4008,1.0
4009,0.9529
4010,1.0
4011,0.0001
4012,1.0
4013,0.0
4014,0.0002
4015,0.9958
4016,0.9995
4017,0.001
4018,0.9995
4019,0.0906
4020,0.0192
4021,0.1337
4022,0.0273
4023,0.9465
4024,0.9993
4025,0.5773
4026,0.887
4027,0.0
4028,0.1847
4029,0.6408
4030,0.9966
4031,0.1482
4032,0.9996
4033,0.0025
4034,0.9794
4035,0.9999
4036,0.0
4037,0.9998
4038,0.0001
4039,0.0958
4040,0.0111
4041,0.0004
4042,0.0865
4043,0.9809
4044,0.2148
4045,1.0
4046,0.0
4047,1.0
4048,0.0137
4049,0.9884
4050,0.9976
4051,0.9499
4052,0.0003
4053,0.0034
4054,0.9473
4055,0.0014
4056,0.0002
4057,0.0474
4058,0.4607
4059,0.0022
4060,0.0027
4061,0.997
4062,0.2891
4063,0.0029
4064,0.9931
4065,0.8157
4066,0.002
4067,0.0003
4068,0.9178
4069,0.0091
4070,0.8946
4071,0.6632
4072,0.0318
4073,0.152
4074,1.0
4075,0.0001
4076,0.9927
4077,0.9941
4078,1.0
4079,0.993
4080,0.0002
4081,0.0
4082,0.1441
4083,0.9986
4084,0.0114
4085,0.9882
4086,0.2054
4087,0.0007
4088,0.0116
4089,0.2516
4090,0.0
4091,0.0345
4092,0.0045
4093,0.0001
4094,0.0155
4095,0.0395
4096,0.9967
4097,0.0105
4098,0.8663
4099,0.9361
4100,0.9925
4101,0.0024
4102,0.2543
4103,0.5803
4104,0.9997
4105,0.9829
4106,0.0002
4107,0.0015
4108,0.9997
4109,0.0
4110,0.4271
4111,0.9999
4112,0.8583
4113,0.0003
4114,0.0079
4115,0.8145
4116,0.9995
4117,0.9999
4118,0.0041
4119,0.0082
4120,0.1002
4121,0.0002
4122,0.0
4123,0.0653
4124,0.0001
4125,0.9819
4126,0.9847
4127,0.9995
4128,0.0007
4129,0.9998
4130,0.0101
4131,0.6468
4132,0.0573
4133,0.9937
4134,0.9998
4135,0.0001
4136,0.5602
4137,0.0
4138,0.8887
4139,0.9768
4140,0.9103
4141,0.0037
4142,0.9999
4143,0.0
4144,0.9379
4145,0.9997
4146,0.2249
4147,0.9975
4148,1.0
4149,0.9173
4150,0.7935
4151,0.9998
4152,0.0004
4153,0.0591
4154,0.0563
4155,0.1475
4156,0.9676
4157,0.0311
4158,0.9949
4159,0.9977
4160,0.9972
4161,0.0013
4162,0.0609
4163,0.004
4164,0.0036
4165,1.0
4166,0.9962
4167,0.967
4168,0.0001
4169,0.0002
4170,0.1459
4171,0.9395
4172,0.0001
4173,0.9991
4174,0.0
4175,0.0082
4176,0.0138
4177,0.0086
4178,0.0025
4179,0.0003
4180,0.0792
4181,1.0
4182,0.0009
4183,0.0006
4184,0.9999
4185,0.0001
4186,0.0959
4187,0.126
4188,0.1505
4189,0.2413
4190,0.9994
4191,0.0002
4192,0.0
4193,0.0109
4194,0.9993
4195,0.0125
4196,0.0004
4197,0.007
4198,0.127
4199,0.6192
4200,0.9999
4201,0.9998
4202,0.001
4203,0.9517
4204,0.9964
4205,0.0203
4206,0.8918
4207,0.0004
4208,0.0025
4209,0.4164
4210,0.001
4211,0.9969
4212,0.0025
4213,0.0001
4214,0.0128
4215,0.6413
4216,0.0001
4217,0.0034
4218,0.0002
4219,0.0257
4220,0.0191
4221,0.0043
4222,0.1574
4223,0.0004
4224,0.0001
4225,0.0029
4226,0.6237
4227,0.0001
4228,0.2753
4229,0.7787
4230,0.2884
4231,0.9761
4232,0.9039
4233,0.9663
4234,0.0573
4235,0.998
4236,0.9845
4237,0.0822
4238,0.0
4239,0.0
4240,0.1774
4241,0.1748
4242,0.9982
4243,1.0
4244,1.0
4245,0.8779
4246,0.0004
4247,0.0013
4248,0.9276
4249,0.6125
4250,0.9968
4251,0.9995
4252,0.9785
4253,0.7604
4254,0.1679
4255,1.0
4256,1.0
4257,1.0
4258,0.9999
4259,0.1899
4260,0.0067
4261,0.194
4262,0.0255
4263,0.0471
4264,0.7765
4265,0.0363
4266,0.0043
4267,0.1187
4268,0.9998
4269,0.6318
4270,0.9899
4271,0.0002
4272,0.9994
4273,0.8836
4274,1.0
4275,0.9636
4276,0.9962
4277,0.0002
4278,0.7672
4279,0.071
4280,0.2273
4281,0.0
4282,0.0633
4283,0.3807
4284,0.0065
4285,0.2981
4286,0.0108
4287,0.9561
4288,0.0338
4289,0.0038
4290,0.1978
4291,0.0252
4292,0.0251
4293,0.9374
4294,0.2848
4295,0.5113
4296,0.0001
4297,0.0165
4298,1.0
4299,0.6686
4300,0.5981
4301,0.0002
4302,0.433
4303,0.0003
4304,0.0022
4305,0.5874
4306,0.0421
4307,0.9835
4308,0.1102
4309,0.9923
4310,1.0
4311,0.9999
4312,0.0017
4313,1.0
4314,0.0217
4315,0.0073
4316,0.4887
4317,0.0027
4318,0.0336
4319,0.0001
4320,0.1262
4321,0.9972
4322,0.0002
4323,0.0012
4324,0.0693
4325,0.0016
4326,0.9817
4327,0.4288
4328,0.0038
4329,0.0048
4330,0.0096
4331,0.152
4332,0.001
4333,0.0008
4334,0.5657
4335,0.1052
4336,0.0007
4337,1.0
4338,0.033
4339,0.0006
4340,0.6637
4341,0.6859
4342,0.9994
4343,0.0
4344,0.9178
4345,0.001
4346,0.2267
4347,0.9819
4348,0.9965
4349,0.0
4350,0.0
4351,0.0189
4352,0.0011
4353,0.0216
4354,0.1257
4355,0.8481
4356,0.0134
4357,0.0027
4358,0.1364
4359,0.0
4360,0.1963
4361,0.0217
4362,0.0652
4363,0.4551
4364,0.9989
4365,0.3649
4366,0.0363
4367,1.0
4368,0.9995
4369,0.9946
4370,0.0028
4371,0.0032
4372,0.0008
4373,0.9908
4374,0.9996
4375,0.0242
4376,1.0
4377,0.0
4378,0.9248
4379,0.7672
4380,0.8015
4381,0.7393
4382,0.9942
4383,0.3103
4384,0.9998
4385,0.9865
4386,0.9795
4387,0.9976
4388,0.9815
4389,0.0
4390,0.9
4391,0.7571
4392,0.9126
4393,0.5272
4394,1.0
4395,0.9998
4396,0.0004
4397,0.8063
4398,0.3184
4399,0.0014
4400,0.0
4401,0.042
4402,0.002
4403,0.09
4404,0.6106
4405,0.8743
4406,0.9526
4407,0.0002
4408,0.0215
4409,0.7221
4410,0.2269
4411,0.4085
4412,0.9805
4413,0.9968
4414,0.0058
4415,0.0232
4416,0.0001
4417,0.0036
4418,0.0004
4419,0.9997
4420,0.9992
4421,0.9484
4422,0.9998
4423,0.0137
4424,0.0035
4425,0.0201
4426,0.0084
4427,0.0756
4428,0.4413
4429,0.4751
4430,0.2714
4431,0.0001
4432,0.9976
4433,0.0018
4434,0.6125
4435,0.8632
4436,0.9998
4437,0.9836
4438,1.0
4439,0.0003
4440,0.0
4441,0.0
4442,0.0379
4443,0.9969
4444,0.0022
4445,1.0
4446,0.0224
4447,1.0
4448,0.1137
4449,0.0699
4450,0.9903
4451,0.9999
4452,0.0119
4453,0.3272
4454,0.0
4455,0.0226
4456,0.7641
4457,0.0007
4458,0.1411
4459,0.0007
4460,1.0
4461,0.4292
4462,0.0002
4463,0.0008
4464,0.1844
4465,0.0011
4466,0.0002
4467,0.0006
4468,0.936
4469,0.002
4470,0.9999
4471,1.0
4472,0.9972
4473,1.0
4474,0.0042
4475,0.9998
4476,0.9925
4477,0.7582
4478,0.8729
4479,0.636
4480,0.0001
4481,0.9964
4482,0.0154
4483,0.9001
4484,0.0204
4485,0.0001
4486,0.0
4487,0.6631
4488,0.2217
4489,0.0
4490,0.1224
4491,0.0005
4492,0.9909
4493,0.0002
4494,0.2206
4495,0.9999
4496,0.4671
4497,0.0029
4498,0.0352
4499,0.9974
4500,0.041
4501,0.0575
4502,0.047
4503,0.9938
4504,0.9338
4505,0.0022
4506,0.995
4507,0.6662
4508,0.9924
4509,0.0002
4510,0.003
4511,1.0
4512,0.0978
4513,0.0005
4514,0.9995
4515,0.1331
4516,0.9901
4517,0.9525
4518,0.0025
4519,0.0
4520,0.1742
4521,0.0024
4522,0.2999
4523,0.9999
4524,0.9992
4525,0.0813
4526,0.9998
4527,0.996
4528,0.0006
4529,0.3816
4530,0.9955
4531,0.0049
4532,0.9957
4533,0.9968
4534,0.4425
4535,0.0762
4536,0.002
4537,0.9979
4538,0.9865
4539,0.0158
4540,0.0053
4541,0.9996
4542,0.0
4543,0.9968
4544,1.0
4545,0.8972
4546,0.0
4547,0.007
4548,0.9999
4549,0.4649
4550,1.0
4551,0.0247
4552,0.4099
4553,0.1235
4554,0.9992
4555,0.7776
4556,0.1389
4557,1.0
4558,0.996
4559,0.0114
4560,0.8107
4561,0.8682
4562,0.9994
4563,0.9936
4564,0.0618
4565,0.0007
4566,0.0004
4567,0.1895
4568,0.7681
4569,1.0
4570,0.1727
4571,0.0999
4572,0.049
4573,0.9888
4574,1.0
4575,0.0971
4576,0.0257
4577,0.697
4578,0.9875
4579,0.9931
4580,0.9999
4581,1.0
4582,0.9994
4583,0.0
4584,0.0
4585,0.025
4586,0.945
4587,1.0
4588,0.9995
4589,0.8997
4590,0.0001
4591,0.0012
4592,0.0004
4593,0.1755
4594,0.0023
4595,1.0
4596,0.0003
4597,0.1576
4598,0.4318
4599,0.0123
4600,0.0636
4601,0.9999
4602,0.0009
4603,1.0
4604,0.0033
4605,0.0535
4606,0.0005
4607,0.886
4608,0.0077
4609,0.0028
4610,0.2434
4611,0.0003
4612,0.9476
4613,0.9998
4614,1.0
4615,0.9985
4616,0.0408
4617,0.0
4618,0.958
4619,0.0213
4620,0.0176
4621,0.007
4622,0.0001
4623,0.0001
4624,0.9994
4625,0.5806
4626,0.0001
4627,0.0329
4628,0.0905
4629,0.0071
4630,0.9514
4631,0.0371
4632,0.9992
4633,0.0161
4634,0.0062
4635,0.0
4636,0.9989
4637,0.0974
4638,0.4023
4639,0.9764
4640,0.9977
4641,0.021
4642,0.4622
4643,1.0
4644,1.0
4645,0.3823
4646,0.0299
4647,1.0
4648,0.6209
4649,0.9989
4650,0.0
4651,0.9999
4652,0.0632
4653,0.1389
4654,0.0055
4655,0.01
4656,0.0001
4657,0.0232
4658,0.3546
4659,0.7493
4660,0.0001
4661,0.1124
4662,0.0004
4663,0.3689
4664,0.9918
4665,0.9699
4666,0.9999
4667,0.9998
4668,0.9344
4669,0.6878
4670,0.3751
4671,0.022
4672,1.0
4673,0.8441
4674,0.0007
4675,0.9999
4676,0.0531
4677,0.0822
4678,0.9999
4679,0.9567
4680,0.9186
4681,1.0
4682,0.3123
4683,0.0263
4684,0.0061
4685,0.0018
4686,0.4793
4687,0.0
4688,0.0128
4689,0.0745
4690,0.0376
4691,0.0005
4692,0.0023
4693,0.9579
4694,0.8741
4695,0.0
4696,0.9999
4697,0.0001
4698,0.0149
4699,0.9982
4700,1.0
4701,0.1667
4702,0.9696
4703,0.9762
4704,0.9999
4705,0.0656
4706,0.5932
4707,0.5661
4708,0.0622
4709,0.3379
4710,0.961
4711,0.9999
4712,0.9314
4713,0.9843
4714,0.7425
4715,0.0001
4716,0.9982
4717,0.0012
4718,0.0033
4719,0.0005
4720,0.998
4721,0.3314
4722,0.9977
4723,0.0003
4724,0.0001
4725,0.9982
4726,0.7079
4727,0.0248
4728,0.9935
4729,0.163
4730,0.0018
4731,0.0006
4732,0.985
4733,0.5048
4734,0.0003
4735,0.0005
4736,0.8736
4737,1.0
4738,0.1579
4739,0.0007
4740,0.1574
4741,0.6514
4742,0.0007
4743,0.0001
4744,0.4713
4745,0.9998
4746,0.0284
4747,0.9997
4748,0.3828
4749,0.9945
4750,1.0
4751,0.9482
4752,0.0019
4753,0.0011
4754,0.9998
4755,0.0001
4756,0.9999
4757,0.074
4758,0.9877
4759,0.5373
4760,0.4953
4761,0.9999
4762,0.9981
4763,0.9996
4764,0.3161
4765,0.0011
4766,0.6126
4767,1.0
4768,0.0004
4769,0.2775
4770,0.8298
4771,0.0215
4772,0.4112
4773,0.6896
4774,0.9922
4775,0.9984
4776,0.0
4777,0.0142
4778,0.0832
4779,0.9845
4780,0.9919
4781,0.6513
4782,0.8514
4783,0.5191
4784,0.9928
4785,0.9144
4786,0.002
4787,0.0303
4788,0.0
4789,0.7356
4790,0.8043
4791,0.983
4792,0.0008
4793,0.018
4794,0.0004
4795,0.9999
4796,0.2575
4797,0.0048
4798,0.04
4799,1.0
4800,0.2128
4801,0.0016
4802,0.7034
4803,0.7427
4804,0.0001
4805,0.0668
4806,0.0005
4807,0.3624
4808,1.0
4809,0.0
4810,0.0002
4811,0.0419
4812,0.8613
4813,0.9354
4814,0.2305
4815,0.0037
4816,0.0061
4817,0.2588
4818,0.0001
4819,0.9764
4820,0.0001
4821,0.9963
4822,0.9415
4823,0.0105
4824,0.0293
4825,0.0273
4826,0.0045
4827,0.0002
4828,0.0409
4829,0.374
4830,0.9983
4831,0.9957
4832,0.9921
4833,0.9977
4834,0.6647
4835,0.084
4836,0.0025
4837,0.0026
4838,0.9983
4839,0.0
4840,0.112
4841,0.0052
4842,0.8875
4843,0.0006
4844,0.9987
4845,0.4351
4846,0.0948
4847,0.0009
4848,0.0002
4849,0.4712
4850,0.0088
4851,0.8365
4852,0.0003
4853,0.1384
4854,0.0
4855,0.3498
4856,0.9754
4857,0.1893
4858,0.0003
4859,0.1315
4860,0.0007
4861,0.218
4862,0.0243
4863,0.0362
4864,0.0092
4865,0.0001
4866,0.0079
4867,0.0004
4868,0.5985
4869,0.0127
4870,0.9989
4871,0.5537
4872,0.9965
4873,0.1471
4874,0.0
4875,0.0002
4876,0.0251
4877,0.1214
4878,0.9943
4879,0.0053
4880,0.1412
4881,0.0622
4882,1.0
4883,0.0031
4884,0.7674
4885,0.1812
4886,0.1489
4887,0.1743
4888,0.0836
4889,0.9936
4890,0.0004
4891,0.9908
4892,1.0
4893,0.626
4894,0.0003
4895,0.0
4896,0.8936
4897,0.0003
4898,0.0016
4899,0.0408
4900,0.0005
4901,0.6986
4902,0.1198
4903,0.9616
4904,0.2256
4905,0.0209
4906,0.04
4907,0.0011
4908,0.0001
4909,0.0863
4910,0.9832
4911,0.7942
4912,0.9889
4913,0.7926
4914,0.0264
4915,0.0194
4916,0.0576
4917,0.9327
4918,0.0003
4919,0.0014
4920,0.9995
4921,0.0136
4922,0.0804
4923,0.3173
4924,0.0291
4925,0.1623
4926,0.808
4927,0.9108
4928,0.0002
4929,0.8244
4930,0.4
4931,0.9131
4932,0.2137
4933,0.2898
4934,0.0288
4935,0.9846
4936,0.7155
4937,0.592
4938,1.0
4939,0.0001
4940,0.3436
4941,0.859
4942,0.989
4943,1.0
4944,0.0002
4945,0.0002
4946,0.0001
4947,0.9447
4948,0.9731
4949,0.9975
4950,0.998
4951,0.0002
4952,0.007
4953,0.3259
4954,0.9982
4955,1.0
4956,0.9998
4957,0.2686
4958,0.9953
4959,0.0038
4960,0.9992
4961,0.0006
4962,0.8742
4963,0.003
4964,0.5701
4965,0.0003
4966,0.0001
4967,0.0
4968,0.0475
4969,0.2716
4970,0.002
4971,0.6466
4972,0.1409
4973,0.008
4974,0.0001
4975,0.9114
4976,0.0288
4977,0.9986
4978,1.0
4979,0.0021
4980,0.0141
4981,0.0427
4982,0.4348
4983,1.0
4984,0.8861
4985,0.0673
4986,0.0733
4987,0.8891
4988,0.0335
4989,0.0255
4990,0.0125
4991,0.3411
4992,0.0072
4993,0.0
4994,0.9948
4995,0.0559
4996,0.0
4997,1.0
4998,0.9941
4999,0.0
